,City,Cloudiness,Country,Date,Humidity,Lat,Lng,Max temp,Wind Speed
0,Kapaa,90,US,1559701300,78,22.08,-159.32,303.15,7.7
1,Norman Wells,90,CA,1559701302,93,65.28,-126.83,277.15,1.5
2,Iglesias,90,ES,1559701302,93,42.3,-3.99,283.15,5.7
3,Bluff,100,AU,1559701303,24,-23.58,149.07,292.953,5.36
4,Matagami,100,NG,1559701303,95,9.67,8.4,295.553,2.74
5,Punta Arenas,90,CL,1559701304,93,-53.16,-70.91,278.15,2.6
6,Albany,90,US,1559701083,87,42.65,-73.75,287.04,3.1
7,East London,0,ZA,1559701014,17,-33.02,27.91,293.153,5.32
8,Quatre Cocos,40,MU,1559701308,73,-20.21,57.76,296.15,7.7
9,Ponta Delgada,20,PT,1559701308,72,37.73,-25.67,288.15,3.6
10,Clyde River,40,CA,1559701308,63,70.47,-68.59,274.15,2.6
11,Katsuura,75,JP,1559701309,83,33.93,134.5,298.71,2.1
12,Nishihara,75,JP,1559701309,69,35.74,139.53,299.82,5.1
13,Cape Town,75,ZA,1559701309,58,-33.93,18.42,288.15,5.7
14,Provideniya,20,RU,1559701310,80,64.42,-173.23,278.15,5.0
15,Cabo San Lucas,5,MX,1559701137,54,22.89,-109.91,299.26,3.6
16,San Patricio,0,PY,1559701310,92,-26.98,-56.83,284.753,2.31
17,Tapes,0,BR,1559701082,76,-30.67,-51.4,289.253,3.73
18,Busselton,84,AU,1559701311,26,-33.64,115.35,291.48,15.2
19,Paveh,0,IR,1559701311,47,35.05,46.36,288.15,1.0
20,Ushuaia,75,AR,1559701312,86,-54.81,-68.31,278.15,1.5
21,Qaanaaq,98,GL,1559701312,91,77.48,-69.36,267.953,1.29
22,Alamos,100,AR,1559701312,79,-36.9,-62.36,287.053,6.12
23,Mae Ramat,40,TH,1559701053,69,16.98,98.52,304.26,1.0
24,Jamestown,0,AU,1559701313,45,-33.21,138.6,286.053,4.08
25,Nianzishan,1,CN,1559701313,40,47.51,122.88,294.253,2.34
26,Kaoma,0,ZM,1559701313,71,-14.8,24.8,282.753,1.92
27,Tasiilaq,1,GL,1559701313,51,65.61,-37.64,277.15,4.6
28,Mercedes,22,UY,1559701314,79,-33.25,-58.03,287.953,7.58
29,Visby,35,SE,1559701314,87,57.64,18.3,288.71,5.1
30,Pisco,90,PE,1559701115,77,-13.71,-76.2,291.15,6.2
31,Mount Isa,100,AU,1559701314,29,-20.73,139.49,288.15,6.2
32,Nzega,62,TZ,1559701314,58,-4.22,33.19,293.353,1.64
33,Chuy,3,UY,1559701314,64,-33.69,-53.46,288.153,5.0
34,Banjar,73,ID,1559701315,69,-7.37,108.54,301.353,1.32
35,Tuktoyaktuk,40,CA,1559701315,65,69.44,-133.03,280.15,7.2
36,Mataura,44,NZ,1559701315,69,-46.19,168.86,280.753,3.3
37,Saskylakh,0,RU,1559701315,44,71.97,114.09,283.853,6.69
38,Sarangani,83,PH,1559701315,67,5.4,125.46,301.953,0.84
39,Puerto Ayora,35,EC,1559701315,92,-0.74,-90.35,296.48,4.7
40,Lebu,76,ET,1559701316,74,8.96,38.73,286.053,0.44
41,Parrita,20,CR,1559701316,83,9.52,-84.33,296.15,2.6
42,Bulgan,100,MN,1559701316,39,48.81,103.53,287.153,2.9
43,Hilo,20,US,1559701081,61,19.71,-155.08,301.15,4.1
44,Wilmington,1,US,1559701054,45,39.75,-75.55,293.15,3.87
45,Broken Hill,0,AU,1559701316,61,-31.97,141.45,283.15,9.3
46,Avarua,61,CK,1559701316,73,-21.21,-159.78,298.15,3.6
47,Kodiak,1,US,1559701317,69,39.95,-94.76,299.26,3.1
48,Dikson,52,RU,1559701317,93,73.51,80.55,273.353,3.37
49,Georgetown,20,GY,1559701199,94,6.8,-58.16,299.15,3.1
50,Tuatapere,93,NZ,1559701317,63,-46.13,167.69,282.353,9.96
51,New Norfolk,75,AU,1559701318,54,-42.78,147.06,285.37,9.3
52,Gizo,0,IL,1559701318,64,31.8,34.94,298.71,2.1
53,Mar del Plata,67,AR,1559701318,57,-46.43,-67.52,284.153,11.51
54,Saldanha,0,PT,1559701318,89,41.42,-6.55,281.153,2.6
55,Lorengau,100,PG,1559701318,85,-2.02,147.27,301.253,2.43
56,Shipitsyno,99,RU,1559701318,92,61.28,46.52,285.353,2.17
57,Hasaki,75,JP,1559701319,73,35.73,140.83,298.15,2.6
58,Chokurdakh,90,RU,1559701319,54,70.62,147.9,277.753,3.15
59,La Ronge,20,CA,1559701320,48,55.1,-105.3,290.15,1.5
60,Demba,0,CD,1559701320,56,-5.47,22.27,291.453,1.25
61,Kavieng,98,PG,1559701321,73,-2.57,150.8,302.253,3.58
62,Airai,7,TL,1559701321,48,-8.93,125.41,302.953,3.12
63,North Bend,1,US,1559701321,58,43.41,-124.22,290.37,4.1
64,Zeya,9,RU,1559701321,26,53.74,127.27,297.753,2.95
65,Severo-Kurilsk,100,RU,1559701321,93,50.68,156.12,278.253,7.64
66,Bhiwani,37,IN,1559701321,21,28.79,76.14,312.753,4.66
67,Yagodnoye,33,RU,1559701322,50,62.52,149.63,286.553,3.63
68,Raudeberg,62,NO,1559701322,87,61.99,5.14,283.71,2.1
69,Broome,0,GB,1559701322,100,52.47,1.45,287.04,3.1
70,Beringovskiy,96,RU,1559701322,55,63.05,179.32,286.753,5.13
71,Rikitea,19,PF,1559701322,79,-23.12,-134.97,297.553,1.06
72,Gorin,1,US,1559701322,74,40.36,-92.02,299.82,4.1
73,Amahai,90,ID,1559701323,85,-3.31,129.0,299.553,5.39
74,Sitka,2,US,1559701323,82,37.17,-99.65,296.48,0.89
75,Hermanus,60,ZA,1559701323,72,-34.42,19.24,288.71,8.49
76,Vanavara,0,RU,1559701323,39,60.35,102.28,294.353,1.05
77,Tiksi,0,RU,1559701323,75,71.64,128.87,274.753,6.17
78,Brae,99,GB,1559701323,93,60.4,-1.35,280.15,0.84
79,Henderson,1,US,1559701239,13,36.04,-114.98,309.15,1.5
80,Barrow,100,AR,1559701324,67,-38.31,-60.23,287.853,9.22
81,Dingle,62,PH,1559701324,40,11.0,122.67,307.853,4.35
82,Codrington,40,AU,1559701324,48,-28.95,153.24,292.59,6.7
83,Petropavlovsk-Kamchatskiy,75,RU,1559701324,87,53.05,158.65,283.15,3.0
84,Yumen,7,CN,1559701325,12,40.29,97.04,300.953,8.19
85,Meiganga,96,CM,1559701306,93,6.52,14.29,293.053,0.95
86,Abu Zabad,100,SD,1559701325,55,12.35,29.25,299.753,5.04
87,Lavrentiya,0,RU,1559701325,39,65.58,-170.99,289.853,2.67
88,Ilulissat,0,GL,1559701325,60,69.22,-51.1,279.15,3.73
89,Victoria,75,BN,1559701326,83,5.28,115.24,301.15,2.1
90,Pevek,38,RU,1559701326,89,69.7,170.27,272.853,3.9
91,Acapulco,90,MX,1559701326,74,16.86,-99.88,302.15,0.48
92,Zhigansk,100,RU,1559701326,68,66.77,123.37,286.653,1.02
93,Atuona,42,PF,1559701326,77,-9.8,-139.03,301.253,8.54
94,Megion,0,RU,1559701327,48,61.04,76.11,291.15,4.0
95,Tlapehuala,100,MX,1559701327,55,18.24,-100.54,302.553,0.78
96,Kamaishi,75,JP,1559701327,47,39.28,141.86,298.15,2.1
97,Tautira,20,PF,1559701327,62,-17.73,-149.15,302.15,3.1
98,Jardim,0,BR,1559701328,92,-21.48,-56.15,287.153,1.6
99,Upernavik,96,GL,1559701328,89,72.79,-56.15,274.153,0.43
100,Deputatskiy,0,RU,1559701328,34,69.3,139.9,281.253,6.58
101,Bethel,20,US,1559701329,43,60.79,-161.76,296.15,6.2
102,Santiago,92,CL,1559701243,50,-33.44,-70.65,290.93,2.13
103,Fershampenuaz,0,RU,1559701329,52,53.52,59.82,281.453,8.72
104,Hobart,75,AU,1559701219,54,-42.88,147.33,285.37,9.3
105,Butaritari,83,KI,1559701330,79,3.07,172.79,302.553,6.52
106,Yakeshi,88,CN,1559701331,52,49.28,120.73,288.353,5.58
107,Bredasdorp,13,ZA,1559701331,54,-34.53,20.04,288.71,12.9
108,Caravelas,98,BR,1559701331,71,-17.73,-39.27,297.653,6.31
109,Turbat,100,PK,1559701331,10,26.0,63.05,310.753,6.62
110,Vaini,82,IN,1559701331,100,15.34,74.49,295.15,1.5
111,Merin,96,NG,1559701332,96,7.55,3.99,296.953,1.67
112,Saint-Francois,90,FR,1559701332,77,46.42,3.91,289.15,1.5
113,Yellowknife,75,CA,1559701332,93,62.45,-114.38,281.15,3.1
114,Port Macquarie,75,AU,1559701208,71,-31.43,152.91,289.26,5.7
115,Lagoa,0,PT,1559701332,72,37.14,-8.45,289.26,4.6
116,Hun,38,BE,1559701333,93,50.34,4.87,289.82,2.6
117,Ukiah,1,US,1559701183,15,39.15,-123.21,305.15,3.6
118,Souillac,90,FR,1559701333,93,45.6,-0.6,289.26,1.0
119,Aquiraz,40,BR,1559701203,78,-3.9,-38.39,300.15,3.1
120,Bambous Virieux,40,MU,1559701333,73,-20.34,57.76,296.15,7.7
121,Arraial do Cabo,19,BR,1559701333,72,-22.97,-42.02,294.653,6.71
122,La Palma,100,CO,1559701334,91,5.36,-74.39,293.753,1.24
123,Yar-Sale,100,RU,1559701334,88,66.83,70.83,274.453,7.2
124,Pudozh,22,RU,1559701335,90,61.81,36.54,287.353,2.85
125,Hovd,20,NO,1559701336,100,63.83,10.7,286.48,4.6
126,Galesburg,40,US,1559701213,74,40.95,-90.37,300.15,1.5
127,Castro,20,CL,1559701337,93,-42.48,-73.76,283.15,7.7
128,Teya,75,MX,1559701341,49,21.05,-89.07,306.15,3.1
129,Vila Velha,40,BR,1559701341,78,-3.71,-38.6,300.15,3.1
130,Ribeira Grande,3,PT,1559701342,67,38.52,-28.7,289.953,4.33
131,Coihaique,90,CL,1559701342,100,-45.58,-72.07,279.15,0.5
132,Ust-Tsilma,99,RU,1559701342,57,65.44,52.15,281.453,3.98
133,Kiunga,100,PG,1559701343,65,-6.12,141.3,304.253,0.85
134,Okato,100,NZ,1559701344,94,-39.19,173.88,287.59,7.71
135,Ponta do Sol,0,BR,1559701344,93,-20.63,-46.0,284.353,2.12
136,Talnakh,0,RU,1559701345,60,69.49,88.39,279.15,5.0
137,Edd,0,ER,1559701346,38,13.93,41.69,303.753,0.81
138,Komsomolskiy,2,RU,1559701346,92,67.55,63.78,271.553,2.51
139,La Romana,20,DO,1559701346,94,18.43,-68.97,300.15,2.57
140,Kaeo,47,NZ,1559701346,100,-35.1,173.78,291.48,8.09
141,Krasnyy Kut,100,RU,1559701347,83,47.1,40.67,290.053,5.55
142,Challapata,0,BO,1559701347,45,-18.9,-66.78,278.853,2.89
143,Kolondieba,100,ML,1559701347,78,11.09,-6.89,299.153,3.79
144,Tazovskiy,99,RU,1559701348,73,67.47,78.7,281.553,2.85
145,Pavlovsk,0,RU,1559701348,59,53.31,82.99,289.15,3.0
146,Laguna,0,MX,1559701349,47,27.52,-110.01,299.953,2.21
147,Lazaro Cardenas,20,MX,1559701349,34,28.39,-105.62,299.26,5.1
148,Jian,0,IN,1559701349,63,25.65,87.89,304.253,6.09
149,Berlevag,99,NO,1559701349,84,70.86,29.09,277.953,4.4
150,Kautokeino,46,NO,1559701349,77,69.01,23.04,281.053,0.99
151,Oros,75,HU,1559701349,93,47.95,21.8,290.15,2.1
152,Thompson,90,CA,1559701146,76,55.74,-97.86,283.15,3.1
153,Dudinka,0,RU,1559701350,60,69.41,86.18,279.15,5.0
154,Ciudad Bolivar,100,VE,1559701350,65,8.12,-63.55,301.653,4.33
155,Adiake,20,CI,1559701341,83,5.29,-3.3,300.15,4.1
156,Kahului,75,US,1559701350,88,20.89,-156.47,300.37,5.1
157,Gamba,0,CN,1559701350,31,28.28,88.52,280.853,2.94
158,Kattivakkam,20,IN,1559701351,66,13.22,80.32,304.15,3.1
159,Carnarvon,19,ZA,1559701351,77,-30.97,22.13,282.653,10.48
160,Padang,97,ID,1559701299,72,-0.92,100.36,301.953,2.0
161,Altay,50,CN,1559701351,55,47.83,88.13,286.153,2.5
162,Benghazi,0,LY,1559701351,64,32.12,20.07,293.553,2.63
163,Paragominas,100,BR,1559701352,95,-3.0,-47.35,295.753,1.16
164,Nikolskoye,0,RU,1559701352,63,59.7,30.79,292.04,1.0
165,Porto Velho,75,BR,1559701352,78,-8.75,-63.87,298.15,1.14
166,Ouallam,28,NE,1559701352,26,14.32,2.08,307.953,4.29
167,Point Pedro,73,LK,1559701352,80,9.82,80.23,303.053,7.4
168,Sigli,99,ID,1559701352,57,5.38,95.96,303.753,0.37
169,Esperance,20,TT,1559701353,83,10.24,-61.45,300.93,4.6
170,Cherskiy,0,RU,1559701353,38,68.75,161.3,279.253,7.31
171,Taltal,0,CL,1559701353,67,-25.41,-70.49,288.753,0.93
172,Port Alfred,3,ZA,1559701353,68,-33.59,26.89,292.04,4.47
173,Vila,0,IT,1559701356,82,45.18,8.4,293.15,1.0
174,Tsiroanomandidy,90,MG,1559701358,90,-18.77,46.05,290.053,0.94
175,Trairi,38,BR,1559701582,97,-3.28,-39.27,295.453,1.57
176,Inhambane,0,MZ,1559701379,93,-23.87,35.38,288.453,0.87
177,Nacozari,0,MX,1559701587,85,25.34,-108.26,298.71,3.02
178,Pangnirtung,1,CA,1559701403,50,66.15,-65.72,278.953,0.91
179,High Prairie,22,CA,1559701403,58,55.43,-116.48,286.453,3.35
180,Baculin,52,PH,1559701404,68,7.45,126.58,302.353,1.76
181,Yongzhou,100,CN,1559701404,75,26.46,111.6,299.953,3.16
182,Kedougou,66,SN,1559701405,71,12.56,-12.19,300.953,5.34
183,Longyearbyen,75,NO,1559701405,80,78.22,15.63,275.15,2.6
184,Berwick,40,US,1559701405,51,41.06,-76.25,292.15,1.5
185,Te Anau,51,NZ,1559701406,71,-45.41,167.72,276.853,1.02
186,Mount Gambier,90,AU,1559701406,81,-37.83,140.78,284.15,3.1
187,Shaunavon,76,CA,1559701406,39,49.65,-108.41,292.353,3.09
188,Nador,1,MA,1559701407,72,35.17,-2.93,293.15,7.2
189,Lasa,100,CY,1559701407,68,34.92,32.53,295.15,1.0
190,Lovozero,86,RU,1559701407,88,68.01,35.02,280.553,4.35
191,Norman,1,US,1559701225,78,35.22,-97.44,300.15,3.1
192,Kaitangata,23,NZ,1559701411,58,-46.28,169.85,282.59,3.13
193,Sedro-Woolley,1,US,1559701412,42,48.5,-122.23,293.71,2.1
194,Yaan,99,NG,1559701415,87,7.38,8.57,297.853,3.0
195,Khandyga,78,RU,1559701416,29,62.65,135.58,297.853,2.17
196,Puerto Colombia,40,CO,1559701416,74,10.99,-74.96,301.15,8.0
197,Vadso,100,NO,1559701416,87,70.07,29.75,280.15,2.6
198,Flinders,75,AU,1559701419,58,-34.58,150.85,287.04,6.7
199,Nur,0,PL,1559701420,85,52.67,22.32,288.71,2.79
200,Mahebourg,40,MU,1559701421,73,-20.41,57.7,296.15,7.7
201,Fortuna,0,ES,1559701421,88,38.18,-1.13,292.59,1.0
202,Saint-Philippe,20,CA,1559701421,81,45.36,-73.48,284.82,6.7
203,The Valley,40,AI,1559701422,83,18.22,-63.06,301.15,4.1
204,Walvis Bay,0,NA,1559701422,93,-22.95,14.51,282.15,1.5
205,Ulaangom,0,MN,1559701422,33,49.98,92.07,290.753,3.05
206,Matehuala,53,MX,1559701422,68,23.65,-100.64,294.253,6.07
207,Ketchikan,75,US,1559701205,76,55.34,-131.65,285.15,2.6
208,Bonavista,100,CA,1559701423,83,48.65,-53.11,285.37,3.58
209,Ballina,100,IE,1559701423,92,54.11,-9.15,283.15,2.68
210,Jalu,0,LY,1559701424,39,29.03,21.55,297.353,5.21
211,Davenda,50,RU,1559701424,48,53.56,119.32,290.453,4.93
212,Constitucion,75,MX,1559701425,56,23.99,-104.67,297.04,8.7
213,Lompoc,40,US,1559701425,87,34.64,-120.46,294.82,5.7
214,Cutro,75,IT,1559701425,88,39.04,16.98,291.15,1.98
215,Shache,43,CN,1559701425,13,38.42,77.24,300.953,5.88
216,Coahuayana,100,MX,1559701425,82,18.62,-100.35,298.053,1.78
217,Port Hardy,90,CA,1559701426,87,50.7,-127.42,284.15,2.1
218,Muros,40,ES,1559701426,93,42.77,-9.06,286.48,1.0
219,Leon,1,US,1559701139,83,40.74,-93.75,300.15,2.1
220,Maragogi,12,BR,1559701170,90,-9.01,-35.22,295.253,1.99
221,Puerto Leguizamo,100,CO,1559701426,98,-0.19,-74.78,295.153,0.82
222,Bathsheba,40,BB,1559701426,74,13.22,-59.52,301.15,8.2
223,Cayenne,0,GF,1559701426,100,4.94,-52.33,297.15,2.06
224,Cidreira,0,BR,1559701427,75,-30.17,-50.22,289.053,2.8
225,Rome,0,IT,1559701152,77,41.89,12.48,290.93,1.5
226,Hermosillo,0,MX,1559701348,31,29.09,-110.96,303.15,0.89
227,Hofn,100,IS,1559701427,85,64.25,-15.21,271.653,10.3
228,Kawalu,41,ID,1559701427,63,-7.38,108.21,301.053,2.09
229,Melfort,40,CA,1559701427,32,52.87,-104.61,294.15,1.5
230,Store Heddinge,100,DK,1559701427,87,55.31,12.39,289.26,5.1
231,Chase,90,US,1559701428,59,43.89,-85.64,292.15,3.6
232,Queanbeyan,0,AU,1559701428,53,-35.35,149.23,285.93,4.6
233,Tarata,90,PE,1559701428,82,-17.47,-70.03,288.15,2.6
234,Znamenskoye,100,RU,1559701429,78,57.13,73.82,287.253,4.0
235,Nago,20,IT,1559701429,81,45.88,10.89,294.26,2.64
236,Hamilton,90,CA,1559701276,59,43.26,-79.87,294.26,6.7
237,Thunder Bay,90,CA,1559701430,93,48.41,-89.26,281.15,3.6
238,Pacific Grove,1,US,1559701319,67,36.62,-121.92,299.82,2.1
239,Riwaka,100,NZ,1559701430,83,-41.08,173.0,283.71,0.89
240,San Buenaventura,0,MX,1559701431,55,27.06,-101.55,300.853,3.77
241,Ifanadiana,100,MG,1559701431,99,-21.3,47.64,289.053,1.4
242,Sur,20,OM,1559701431,38,22.57,59.53,307.253,4.5
243,Kruisfontein,16,ZA,1559701431,72,-34.0,24.73,287.453,3.94
244,Ozernovskiy,99,RU,1559701431,77,51.5,156.52,282.153,0.9
245,Kavaratti,100,IN,1559701432,72,10.57,72.64,303.153,4.08
246,Praia da Vitoria,40,PT,1559701432,72,38.73,-27.07,289.26,3.8
247,Fukue,75,JP,1559701432,83,35.03,136.69,299.26,2.1
248,Namibe,0,AO,1559701432,75,-15.19,12.15,294.753,1.31
249,Matara,2,PE,1559701432,87,-13.74,-72.9,273.153,1.0
250,Hanmer Springs,100,NZ,1559701432,71,-42.52,172.83,273.853,2.63
251,Majene,19,ID,1559701433,79,-3.54,118.97,300.253,5.9
252,Sechura,17,PE,1559701433,87,-5.56,-80.82,292.453,5.51
253,Touros,20,BR,1559701433,88,-5.2,-35.46,298.15,2.1
254,Port Hedland,0,AU,1559701433,19,-20.31,118.58,295.15,12.9
255,Bethanien,4,NA,1559701433,23,-26.5,17.16,284.353,1.74
256,Luderitz,0,NA,1559701434,72,-26.65,15.16,288.15,5.1
257,Roald,51,NO,1559701434,93,62.58,6.12,283.71,1.0
258,Xinmin,0,CN,1559701434,61,42.0,122.83,298.15,6.0
259,Ongandjera,0,NA,1559701434,30,-17.88,15.07,284.553,2.48
260,Kitimat,75,CA,1559701434,81,54.02,-128.69,283.15,6.2
261,Yining,100,CN,1559701435,52,29.04,114.56,305.253,3.64
262,Kathmandu,75,NP,1559701321,83,27.71,85.32,295.15,1.0
263,Mackenzie,90,CA,1559701435,71,55.34,-123.09,283.15,3.6
264,Talara,32,PE,1559701436,87,-4.58,-81.27,293.653,8.31
265,Okhotsk,7,RU,1559701436,56,59.36,143.24,289.553,5.44
266,Faranah,100,GN,1559701437,95,10.04,-10.74,295.053,3.63
267,Mildura,0,AU,1559701437,66,-34.18,142.16,285.37,4.6
268,Manokwari,50,ID,1559701437,59,-0.87,134.08,301.753,2.44
269,Erenhot,0,CN,1559701437,14,43.65,111.97,294.753,4.36
270,Zheleznogorsk-Ilimskiy,0,RU,1559701437,33,56.58,104.12,293.853,0.75
271,Manamadurai,20,IN,1559701437,78,9.68,78.45,301.15,2.92
272,Naze,75,NG,1559701438,94,5.43,7.07,298.15,1.42
273,Alofi,75,NU,1559701438,69,-19.06,-169.92,299.15,7.2
274,Poum,58,MK,1559701438,93,41.28,20.71,281.153,0.65
275,Pierre,1,US,1559701201,57,44.37,-100.35,299.26,4.1
276,Aklavik,75,CA,1559701438,29,68.22,-135.01,289.15,4.1
277,Paamiut,81,GL,1559701438,76,61.99,-49.67,277.253,3.16
278,Idlib,40,SY,1559701438,60,35.93,36.64,295.37,3.1
279,Dumai,100,ID,1559701439,65,1.68,101.45,303.353,1.58
280,Makat,14,KZ,1559701439,49,47.65,53.35,291.853,6.36
281,Jinchang,1,CN,1559701439,24,38.52,102.19,294.153,2.83
282,Lingao,92,CN,1559701439,76,19.91,109.69,303.453,2.18
283,Coquimbo,20,CL,1559701439,93,-29.95,-71.34,288.71,2.1
284,Magistralnyy,100,RU,1559701438,57,56.17,107.45,284.753,2.53
285,Capinopolis,0,BR,1559701439,84,-18.68,-49.57,289.853,3.44
286,Makakilo City,40,US,1559701187,52,21.35,-158.09,304.15,9.8
287,Adrar,0,DZ,1559701440,15,27.87,-0.29,301.15,3.1
288,Valdivia,20,CL,1559701440,87,-39.81,-73.25,288.15,9.3
289,Tezu,0,IN,1559701440,43,27.93,96.16,303.753,1.56
290,Saint George,75,GR,1559701440,93,39.45,22.34,289.15,1.44
291,Launceston,60,AU,1559701266,70,-41.43,147.14,284.26,2.6
292,Marzuq,74,YE,1559701440,16,14.4,46.47,299.653,1.98
293,Iqaluit,75,CA,1559701441,59,63.75,-68.52,275.15,2.1
294,Vanimo,47,PG,1559701441,70,-2.67,141.3,302.353,3.65
295,Anderson,75,US,1559701271,78,34.51,-82.65,299.15,1.84
296,Shahrud,0,IR,1559701441,40,36.42,54.97,285.653,0.81
297,Necochea,100,AR,1559701441,84,-38.55,-58.74,284.26,7.6
298,Glendive,1,US,1559701441,46,47.11,-104.71,295.15,3.1
299,Praia,0,BR,1559701442,67,-20.25,-43.81,290.15,3.6
300,Dali,33,CN,1559701442,53,25.6,100.24,294.353,3.04
301,Temiscaming,75,CA,1559701375,100,46.72,-79.1,282.04,1.5
302,Kermanshah,0,IR,1559701442,76,34.32,47.07,288.15,1.43
303,Khatanga,46,RU,1559701442,62,71.98,102.47,284.253,1.64
304,Honningsvag,99,NO,1559701442,81,70.98,25.97,277.553,2.69
305,Varhaug,75,NO,1559701442,58,58.61,5.65,288.15,5.7
306,Srednekolymsk,1,RU,1559701443,28,67.46,153.71,282.853,4.68
307,Fort Nelson,75,CA,1559701443,58,58.81,-122.69,285.15,3.6
308,Tekeli,5,KZ,1559701443,43,44.86,78.76,296.853,5.76
309,Hithadhoo,100,MV,1559701443,73,-0.6,73.08,302.653,5.34
310,Corcoran,1,US,1559701209,38,36.1,-119.56,308.15,5.1
311,San Martin,1,US,1559701444,56,37.08,-121.61,303.15,5.7
312,Santiago de Cuba,40,CU,1559701444,69,20.03,-75.83,302.15,1.0
313,Beroroha,100,MG,1559701444,82,-21.68,45.17,292.253,2.92
314,Grand Gaube,40,MU,1559701444,73,-20.01,57.66,296.15,7.7
315,George,20,NG,1559701444,88,6.63,3.35,299.15,1.0
316,Torbay,90,CA,1559701159,100,47.66,-52.73,286.15,5.7
317,Zhangye,34,CN,1559701445,25,38.94,100.46,295.253,2.57
318,Ginda,20,IN,1559701445,61,30.69,78.49,300.15,1.5
319,Narsaq,28,GL,1559701445,56,60.91,-46.05,280.15,2.1
320,Borogontsy,100,RU,1559701446,30,62.67,131.17,299.453,1.01
321,Maceio,0,BR,1559701419,88,-9.67,-35.74,294.15,2.1
322,Puerto del Rosario,90,ES,1559701447,77,28.5,-13.86,294.15,7.7
323,Cockburn Town,1,TC,1559701447,81,21.46,-71.14,300.553,5.35
324,Spearfish,1,US,1559701447,49,44.49,-103.86,295.93,1.83
325,Kanashevo,75,RU,1559701447,70,55.21,62.07,280.37,9.0
326,Kupang,76,ID,1559701448,64,-10.16,123.6,301.653,7.62
327,Kansk,2,RU,1559701448,40,56.21,95.71,292.553,1.67
328,Saint-Pierre,54,FR,1559701448,87,48.95,4.24,292.15,3.1
329,Labuhan,18,ID,1559701448,51,-2.54,115.51,306.653,0.66
330,Zhuhai,0,CN,1559701449,17,40.71,112.04,295.15,4.0
331,Iwanai,94,JP,1559701449,93,42.97,140.51,289.253,1.78
332,Chakwal,40,PK,1559701449,39,32.93,72.86,299.15,6.7
333,Sistranda,20,NO,1559701454,93,63.73,8.83,286.48,3.6
334,Fort Frances,90,CA,1559701454,100,48.61,-93.4,289.26,2.6
335,Richards Bay,11,ZA,1559701455,58,-28.77,32.06,295.153,9.65
336,Virginia Beach,20,US,1559701370,68,36.85,-75.98,295.15,3.1
337,Jhunjhunun,0,IN,1559701457,15,28.13,75.4,312.753,5.04
338,Quzhou,87,CN,1559701458,43,28.97,118.86,306.353,1.49
339,Vredendal,24,ZA,1559701458,84,-31.68,18.49,288.053,5.8
340,Baykit,1,RU,1559701459,30,61.68,96.39,293.253,1.96
341,Kibi,100,GH,1559701459,99,6.17,-0.55,295.653,0.91
342,Auraiya,0,IN,1559701460,21,26.47,79.52,312.453,4.01
343,Prochnookopskaya,0,RU,1559701461,86,45.06,41.12,292.753,3.48
344,Enkoping,61,SE,1559701461,87,59.64,17.08,286.15,1.5
345,Piacabucu,62,BR,1559701461,76,-10.41,-36.43,297.353,1.06
346,Yarada,40,IN,1559701461,84,17.65,83.27,303.15,4.6
347,Nanortalik,18,GL,1559701462,85,60.14,-45.24,276.153,0.21
348,Ayan,1,TR,1559701462,87,40.67,33.6,284.753,1.12
349,Sisimiut,0,GL,1559701466,61,66.94,-53.67,279.553,3.8
350,Geraldton,75,CA,1559701467,33,49.72,-86.95,288.15,3.1
351,Quang Ngai,76,VN,1559701202,32,15.12,108.8,309.353,1.35
352,Santa Cruz de la Palma,20,ES,1559701467,73,28.68,-17.76,294.15,5.7
353,Ust-Nera,77,RU,1559701468,47,64.57,143.24,286.853,1.94
354,Fort Saint James,99,CA,1559701468,51,54.43,-124.25,284.053,3.05
355,Jodoigne,57,BE,1559701469,93,50.72,4.87,290.15,2.1
356,Bandiagara,48,ML,1559701469,31,14.35,-3.61,307.653,5.33
357,Evensk,73,RU,1559701328,53,61.92,159.24,287.853,1.97
358,La Rioja,88,AR,1559701471,84,-29.41,-66.86,282.953,0.29
359,Liaozhong,0,CN,1559701471,61,41.51,122.73,298.15,6.0
360,Bhachau,0,IN,1559701471,63,23.3,70.35,304.053,7.12
361,Oarai,75,JP,1559701471,69,36.31,140.57,300.93,3.6
362,Bafq,0,IR,1559701472,21,31.6,55.4,295.353,2.27
363,Boa Vista,95,BR,1559701328,83,2.82,-60.67,299.353,2.07
364,Kirakira,80,SB,1559701473,76,-10.46,161.92,302.053,3.57
365,Durango,1,US,1559701474,54,37.28,-107.88,292.15,4.6
366,Kurmanayevka,0,RU,1559701474,69,52.51,52.07,285.453,4.73
367,Savannah Bight,51,HN,1559701475,83,16.45,-85.85,301.653,11.5
368,Kholodnyy,100,RU,1559701475,46,62.72,147.95,286.153,3.3
369,Ashoknagar,0,IN,1559701475,14,24.58,77.73,311.753,6.48
370,Tura,5,IN,1559701475,66,25.52,90.21,303.053,2.35
371,Daru,100,SL,1559701475,99,7.99,-10.85,295.253,0.22
372,San Diego de la Union,91,MX,1559701476,63,21.47,-100.87,294.82,1.79
373,Chimbote,99,PE,1559701476,91,-9.08,-78.59,290.453,6.54
374,Lincoln,20,GB,1559701445,93,53.23,-0.54,284.82,5.1
375,Swinoujscie,0,PL,1559701476,82,53.91,14.25,291.15,3.1
376,Kutum,69,SD,1559701613,43,14.2,24.66,299.853,2.7
377,Shitanjing,0,CN,1559701498,20,39.23,106.34,298.453,0.19
378,Helena,1,US,1559701498,20,46.59,-112.04,298.15,7.2
379,Puerto Madryn,100,AR,1559701498,45,-42.77,-65.04,289.753,7.83
380,Abonnema,75,NG,1559701498,94,4.71,6.79,298.15,2.17
381,Mayachnyy,0,RU,1559701499,64,52.68,55.69,282.953,7.22
382,Henties Bay,0,NA,1559701499,80,-22.12,14.28,287.353,5.26
383,Goderich,3,CA,1559701260,72,43.74,-81.71,291.48,4.02
384,Nome,40,US,1559701500,94,30.04,-94.42,298.15,2.6
385,Lethem,99,GY,1559701500,78,3.38,-59.8,299.653,3.18
386,Dogondoutchi,46,NE,1559701501,29,13.64,4.03,308.153,4.01
387,Itarema,37,BR,1559701502,88,-2.92,-39.92,297.953,2.6
388,Sakyla,0,FI,1559701502,93,61.03,22.33,285.37,0.5
389,Metro,25,ID,1559701503,70,-5.11,105.31,302.153,1.89
390,Amapa,75,HN,1559701503,83,15.09,-87.97,302.15,3.6
391,Isangel,75,VU,1559701503,69,-19.55,169.27,301.15,1.5
392,Port Elizabeth,1,US,1559701504,77,39.31,-74.98,292.59,3.42
393,Jiblah,87,YE,1559701504,65,13.92,44.15,294.053,1.24
394,Wittingen,75,DE,1559701505,64,52.73,10.74,294.15,1.5
395,Marawi,100,PH,1559701508,76,8.0,124.29,302.04,1.79
396,Grindavik,75,IS,1559701508,75,63.84,-22.43,279.26,8.7
397,Gazojak,1,TM,1559701512,15,41.19,61.4,306.653,4.3
398,Meulaboh,100,ID,1559701319,71,4.14,96.13,301.653,0.53
399,Kalat,1,PK,1559701512,26,29.03,66.58,292.153,8.25
400,Tongliao,0,CN,1559701513,26,43.61,122.27,299.253,5.97
401,Milkovo,90,BG,1559701513,93,41.53,24.68,291.48,1.18
402,Dugda,21,IN,1559701513,51,23.75,86.16,306.953,4.28
403,Keti Bandar,0,PK,1559701514,85,24.14,67.45,302.453,8.95
404,Haines Junction,78,CA,1559701514,43,60.75,-137.51,285.253,2.14
405,Santa Rosalia,0,IT,1559701515,63,38.07,13.27,293.15,2.1
406,Griffith,0,AU,1559701515,70,-34.29,146.06,284.26,2.6
407,Karratha,0,AU,1559701515,18,-20.74,116.85,297.053,11.77
408,Codigoro,0,IT,1559701515,82,44.83,12.11,292.59,1.0
409,Huicungo,68,PE,1559701516,68,-7.28,-76.8,292.353,1.56
410,Ouargaye,80,BF,1559701516,42,11.5,0.06,304.953,5.18
411,Freetown,30,BS,1559701516,74,26.61,-78.36,300.553,4.59
412,Yeppoon,80,AU,1559701516,30,-23.13,150.74,293.15,3.26
413,Yuli,94,NG,1559701516,59,10.52,9.86,300.853,4.14
414,Samarai,98,PG,1559701516,94,-10.62,150.67,297.953,2.8
415,Ippy,23,CF,1559701517,86,6.26,21.2,294.153,1.12
416,Berdigestyakh,96,RU,1559701517,37,62.1,126.7,297.853,3.04
417,Mbalmayo,75,CM,1559701517,100,3.52,11.5,292.15,1.56
418,Inirida,100,CO,1559701517,96,3.87,-67.92,296.953,0.34
419,Sadovoye,100,RU,1559701517,56,47.78,44.52,291.053,7.31
420,Bagn,84,NO,1559701517,67,60.82,9.55,281.48,0.89
421,Calama,0,CL,1559701518,7,-22.46,-68.93,284.82,3.1
422,Tuy Hoa,87,VN,1559701509,41,13.08,109.3,308.653,2.16
423,Tondano,20,ID,1559701518,62,1.3,124.91,304.15,1.5
424,Klitos,1,GR,1559701518,99,40.43,21.86,292.04,0.89
425,Santa Cruz,1,US,1559701302,72,36.97,-122.03,303.15,3.1
426,Faya,0,SA,1559701520,63,18.39,42.45,291.15,0.99
427,Damavand,0,IR,1559701520,25,35.72,52.07,296.15,2.1
428,Dowa,0,MW,1559701520,97,-13.66,33.93,285.153,2.27
429,Egvekinot,99,RU,1559701521,66,66.32,-179.17,283.353,3.56
430,Nalut,0,LY,1559701521,23,31.86,10.98,297.753,5.25
431,Birao,100,CF,1559701521,64,10.3,22.78,299.653,3.7
432,Surt,0,LY,1559701330,75,31.21,16.59,293.953,4.63
433,Emerald,92,AU,1559701522,36,-23.53,148.16,292.04,6.2
434,Tarko-Sale,45,RU,1559701525,34,64.92,77.78,294.82,0.89
435,Santa Barbara,40,US,1559701526,93,34.42,-119.7,296.15,4.1
436,Coaldale,75,CA,1559701526,19,49.73,-112.62,295.15,9.8
437,Havre de Grace,1,US,1559701527,59,39.55,-76.09,294.26,3.7
438,Kendari,78,ID,1559701527,91,-3.99,122.52,299.953,1.9
439,Micheweni,6,TZ,1559701528,75,-4.97,39.83,299.853,6.6
440,Hualmay,26,PE,1559701528,94,-11.1,-77.61,289.553,6.55
441,Saint-Augustin,100,FR,1559701529,93,44.83,-0.61,289.26,1.0
442,Ostrovnoy,100,RU,1559701263,85,68.05,39.51,282.353,5.49
443,Suez,91,EG,1559701530,43,29.97,32.54,298.753,3.9
444,Ahipara,51,NZ,1559701530,100,-35.17,173.16,290.93,14.66
445,Mandalgovi,100,MN,1559701531,23,45.76,106.27,290.653,8.56
446,Sovetskiy,2,RU,1559701531,76,56.76,48.47,286.353,4.62
447,Lima,90,PE,1559701368,82,-12.06,-77.04,291.15,2.1
448,Atar,0,MR,1559701532,13,20.52,-13.05,308.053,4.07
449,Blackwater,0,GB,1559701532,93,51.33,-0.78,286.48,2.6
450,Shangzhi,97,CN,1559701532,56,45.21,127.96,294.653,2.06
451,Gilgit,83,PK,1559701469,48,35.92,74.31,278.553,2.08
452,Dargaville,31,NZ,1559701532,72,-35.94,173.86,290.153,15.1
453,Amga,80,RU,1559701532,29,60.89,131.98,299.453,0.99
454,Bereznik,100,RU,1559701533,93,62.86,42.71,288.053,3.2
455,Puerto Lempira,57,HN,1559701533,83,15.27,-83.77,300.853,3.79
456,Essau,40,GM,1559701533,94,13.48,-16.54,296.15,2.6
457,Ancud,20,CL,1559701533,93,-41.87,-73.83,283.15,7.7
458,Mount Darwin,0,ZW,1559701533,82,-16.77,31.58,282.953,1.12
459,Zhanaozen,57,KZ,1559701534,42,43.35,52.85,299.653,7.46
460,Elizabeth City,1,US,1559701486,60,36.3,-76.22,294.82,3.1
461,Aden,99,YE,1559701534,55,12.79,45.03,303.853,0.84
462,Umm Kaddadah,98,SD,1559701534,52,13.6,26.69,301.153,5.33
463,Campbell River,90,CA,1559701534,51,50.02,-125.24,291.15,2.1
464,Hambantota,20,LK,1559701535,100,6.12,81.12,299.15,1.5
465,Talaya,0,RU,1559701535,77,55.79,84.89,288.71,1.0
466,Sorland,80,NO,1559701535,90,67.67,12.69,281.953,6.19
467,Sioux Lookout,90,CA,1559701535,87,50.1,-91.92,285.15,1.5
468,Salalah,40,OM,1559701535,83,17.01,54.1,302.15,2.6
469,Kokopo,48,PG,1559701535,57,-4.34,152.27,303.953,2.49
470,Nanga Eboko,100,CM,1559701536,96,4.68,12.37,294.653,2.29
471,Demmin,75,DE,1559701536,93,53.91,13.03,290.93,3.6
472,San Quintin,77,PH,1559701536,54,17.54,120.52,306.653,3.33
473,Mbini,98,GQ,1559701536,88,1.58,9.62,297.353,4.99
474,North Vanlaiphai,65,IN,1559701536,54,23.13,93.07,301.653,1.2
475,Pontes e Lacerda,0,BR,1559701536,91,-15.23,-59.33,291.053,2.21
476,Kununurra,100,AU,1559701537,25,-15.77,128.74,292.15,6.2
477,Tchollire,77,CM,1559701537,70,8.4,14.17,298.753,1.05
478,Kollam,20,IN,1559701537,88,8.88,76.6,300.15,1.5
479,Nioki,9,CD,1559701537,53,-2.72,17.69,293.653,1.14
480,Chaman,0,AF,1559701537,25,30.92,66.46,297.653,4.54
481,Kralendijk,75,BQ,1559701537,78,12.15,-68.27,301.15,8.2
482,Lagunillas,96,VE,1559701538,57,8.5,-71.39,294.853,4.3
483,Charters Towers,100,AU,1559701538,27,-20.07,146.27,292.453,6.98
484,Kiama,75,AU,1559701538,58,-34.67,150.86,286.48,6.7
485,Sabang,31,PH,1559701538,69,13.72,123.58,303.853,3.87
486,Buraydah,0,SA,1559701406,28,26.33,43.97,301.15,4.1
487,Ife,100,NG,1559701539,99,7.48,4.55,295.853,1.19
488,Tadine,100,NC,1559701539,74,-21.55,167.88,297.753,2.38
489,Zunyi,69,CN,1559701539,75,27.73,106.92,297.553,2.18
490,Port Shepstone,0,ZA,1559701539,33,-30.74,30.45,289.853,3.41
491,Abu Samrah,3,SY,1559701539,40,35.3,37.18,297.353,3.41
492,Tupik,0,RU,1559701539,33,54.43,119.94,294.353,5.83
493,La Reforma,75,GT,1559701540,88,14.8,-91.82,300.15,2.6
494,Santa Marta,75,CO,1559701540,70,11.24,-74.21,303.15,4.1
495,Faanui,0,PF,1559701540,73,-16.48,-151.75,300.753,6.03
496,Belaya Gora,1,RU,1559701541,28,68.54,146.19,284.753,4.17
497,Luanda,75,AO,1559701541,88,-8.83,13.24,295.15,1.5
498,San Roque,40,EC,1559701541,72,0.3,-78.23,289.15,3.1
499,Katherine,0,AU,1559701542,18,-14.47,132.26,295.15,7.2
500,Nouadhibou,6,MR,1559701458,88,20.93,-17.03,292.15,6.7
501,San Borja,0,BO,1559701542,85,-14.86,-66.75,291.253,0.75
502,Saint Anthony,1,US,1559701542,38,43.97,-111.68,297.15,4.1
503,Mahibadhoo,100,MV,1559701542,77,3.78,72.97,301.653,7.74
504,Antropovo,0,RU,1559701542,81,55.25,37.65,288.71,1.0
505,College,75,US,1559701499,24,64.86,-147.8,294.82,2.6
506,Port Lincoln,3,AU,1559701546,54,-34.72,135.86,286.853,2.01
507,Saint Andrews,16,NZ,1559701547,49,-44.53,171.19,284.26,1.34
508,Oktyabrskoye,0,RU,1559701547,77,56.73,85.44,289.26,1.0
509,Mankono,50,CI,1559701548,95,8.06,-6.19,295.353,2.26
510,Jiazi,0,CN,1559701548,74,19.61,110.49,304.15,5.0
511,Necocli,100,CO,1559701549,79,8.42,-76.79,302.653,4.65
512,Namatanai,46,PG,1559701549,80,-3.66,152.44,301.253,3.59
513,Pangody,78,RU,1559701550,42,65.85,74.49,288.553,2.39
514,Kloulklubed,75,PW,1559701550,74,7.04,134.26,302.15,3.6
515,Marion,1,US,1559701551,94,35.21,-90.2,298.15,2.6
516,Agadez,1,NE,1559701551,45,16.97,7.99,303.15,4.1
517,Alto Araguaia,0,BR,1559701551,93,-17.32,-53.22,288.553,3.08
518,Novo Aripuana,38,BR,1559701551,89,-5.12,-60.38,296.853,0.64
519,Shirakawa,75,JP,1559701551,73,37.12,140.24,302.59,3.6
520,Huarmey,56,PE,1559701552,92,-10.07,-78.15,290.353,6.3
521,Viedma,100,AR,1559701552,71,-40.81,-62.99,288.253,7.46
522,Buenaventura,98,CO,1559701552,83,3.89,-77.07,300.953,3.18
523,Douglas,1,US,1559701552,14,31.34,-109.55,301.15,4.1
524,Alta Floresta,0,BR,1559701553,70,-9.87,-56.08,296.453,1.47
525,Tessalit,0,ML,1559701553,14,20.2,1.01,304.953,3.77
526,Salgueiro,100,BR,1559701279,79,-8.07,-39.12,293.453,3.48
527,Pozoblanco,0,ES,1559701553,48,38.38,-4.85,292.15,5.1
528,Imeni Poliny Osipenko,2,RU,1559701553,45,52.42,136.49,294.153,1.93
529,Santiago del Estero,73,AR,1559701554,56,-27.8,-64.26,289.853,6.45
530,Cabatuan,53,PH,1559701554,55,16.95,121.67,305.353,1.94
531,Asosa,100,ET,1559701554,94,10.07,34.53,292.053,1.17
532,Funadhoo,100,MV,1559701554,79,6.15,73.27,301.153,6.52
533,Perth,75,GB,1559701554,100,56.4,-3.43,282.59,5.7
534,Mnogovershinnyy,61,RU,1559701554,64,53.94,139.92,285.553,1.79
535,Barra do Garcas,0,BR,1559701555,80,-15.89,-52.26,291.753,1.82
536,Fort-Shevchenko,93,KZ,1559701555,64,44.51,50.26,295.553,10.12
537,Vidim,0,CZ,1559701555,88,50.47,14.53,290.15,2.6
538,Concordia,1,AR,1559701555,88,-31.4,-58.02,286.48,3.13
539,Vostok,39,RU,1559701556,38,46.45,135.83,296.053,2.35
540,Onega,99,RU,1559701556,93,63.91,38.09,285.153,4.32
541,Eirunepe,99,BR,1559701556,96,-6.66,-69.87,295.553,0.66
542,Rassvet,1,MD,1559701557,93,47.2,28.43,288.15,2.1
543,Yulara,0,AU,1559701557,53,-25.24,130.99,284.15,8.7
544,San Carlos de Bariloche,90,AR,1559701557,93,-41.13,-71.31,278.15,3.1
545,Qingyuan,53,CN,1559701557,44,27.62,119.06,303.853,2.01
546,Sika,99,NG,1559701557,95,8.57,4.45,296.053,3.5
547,Sainte-Thecle,75,CA,1559701558,76,46.82,-72.5,285.15,7.7
548,Belyy Yar,0,RU,1559701558,82,53.6,91.39,286.15,1.0
549,Tobol,92,SE,1559701558,93,59.83,12.54,279.15,1.0
550,Jepara,13,ID,1559701558,67,-5.21,105.74,303.153,2.5
551,Leningradskiy,100,RU,1559701558,92,69.38,178.42,274.053,3.08
552,Waingapu,86,ID,1559701558,64,-9.65,120.26,300.753,6.83
553,Albenga,40,IT,1559701559,93,44.05,8.22,291.15,1.47
554,Burnie,71,AU,1559701559,62,-41.05,145.91,287.04,4.92
